sample_index,elapsed_ns,top1
0,1233928906,0
1,932517396,0
2,956205208,1
3,962175468,1
4,695169062,2
5,666332500,2
6,1351606614,3
7,1335954531,3
8,1255828384,4
9,1224936302,4
10,661688801,5
11,7075917133,5
12,803264114,6
13,721216458,62
14,744553698,7
15,808070260,7
16,766128385,8
17,771513802,8
18,1238572239,9
19,1252221145,9
20,1327698958,10
21,1249692343,10
22,1320979948,11
23,1227951875,11
24,719097344,12
25,746417239,12
26,796266979,13
27,794954167,13
28,789697864,14
29,719275937,14
30,795525156,15
31,699228073,15
32,1328464010,16
33,1252418958,16
34,1309736041,17
35,1233783749,17
36,1241047344,18
37,1241014166,18
38,1413580833,19
39,1410088801,19
40,764602448,20
41,774009010,20
42,1481233697,21
43,1477832135,21
44,859272448,22
45,1470743958,22
46,1357065416,23
47,1327812187,23
48,771360364,24
49,764041146,24
50,1238695521,25
51,1320579479,25
52,1263074323,26
53,1322749062,26
54,795015417,27
55,712876875,27
56,792190781,28
57,784483750,28
58,693582292,62
59,715475365,29
60,879087968,29
61,774764635,30
62,756540312,31
63,724446354,31
64,1501261145,32
65,1402978177,32
66,1475190728,33
67,1476591562,33
68,1383789271,34
69,759305729,34
70,1501347083,35
71,1375652760,35
72,742864374,36
73,747635990,36
74,838423958,37
75,854158750,37
76,1473521510,38
77,1363183281,38
78,1417958749,44
79,1491566458,39
80,1368183489,40
81,1339866979,40
82,1309003124,39
83,1346561041,41
84,1469379895,42
85,1393075417,42
86,769355781,43
87,868923594,43
88,1383523697,44
89,1396490990,44
90,1391594166,45
91,1421144166,45
92,748061927,46
93,740487031,46
94,1360203124,47
95,1373660833,47
96,743350260,48
97,741572656,48
98,1465707864,49
99,1489974270,49
100,1482115572,50
101,1382441406,50
102,1451208802,51
103,1357350468,51
104,791058542,60
105,778243281,12
106,701811614,53
107,706118021,53
108,701528749,54
109,709958854,53
110,782343437,55
111,699107291,55
112,900408333,56
113,875668385,56
114,1370731927,57
115,1377807656,57
116,1411349739,58
117,1462311041,58
118,762272448,59
119,877853958,59
120,785257343,60
121,782920365,60
122,953308750,61
123,986700104,61
124,789812187,62
125,787284427,62
126,756708646,63
127,759703802,63
128,819584687,64
129,829004583,64
130,9888200309,65
131,1509881093,65
132,666793750,66
133,680042240,66
134,696914218,68
135,758880364,68
136,793670989,68
137,794475156,68
138,808299948,69
139,725536145,69
140,751207812,70
141,697875468,70
142,666098854,71
143,667836927,71
144,678444947,72
145,670667031,72
146,1333615208,73
147,1336516718,73
148,1443721927,74
149,1485898020,74
150,1489917864,75
151,1383833385,75
152,740092656,76
153,1539060520,82
154,839808333,77
155,8980806351,77
156,1319550833,78
157,1333787708,78
158,781594687,79
159,763210416,79
160,750000781,80
161,761143645,80
162,668634948,81
163,752307916,81
164,666323021,82
165,658475781,82
166,776803229,83
167,2059716614,83
168,823037396,84
169,783822448,84
170,759977656,85
171,685957813,85
172,865158385,86
173,850704947,86
174,831082136,87
175,961975051,87
176,943697813,88
177,758742865,88
178,766787031,89
179,772867604,89
180,758918073,90
181,766470208,90
182,854742552,91
183,854724948,91
184,745187760,92
185,744171875,92
186,1434002343,93
187,1414630520,93
188,1270776093,94
189,1495433645,94
190,1404182916,95
191,1335779635,95
192,1173478905,96
193,1381884478,96
194,1387277500,97
195,747627187,97
196,1730412291,98
197,836019323,98
198,1523303333,105
199,1633746979,99
200,1152872916,100
201,1263429687,100
202,850700468,101
203,852785416,101
204,754878385,102
205,809270938,102
206,1714594687,103
207,1652049739,103
208,1739624478,104
209,1636311302,104
210,1729908957,105
211,836968542,105
212,769373594,106
213,1178799582,101
214,747813073,107
215,751688125,107
216,764295573,108
217,1226422968,108
218,747715834,109
219,858483594,109
220,1737060989,110
221,1715371457,110
222,774078438,111
223,760922135,111
224,1484446093,112
225,1373447135,112
226,1395665937,113
227,1329889947,113
228,1250228489,114
229,1329138228,114
230,1313642707,115
231,1234759583,115
232,1246425729,116
233,1230060416,116
234,1199477135,117
235,1735068125,36
236,889734166,118
237,2726232395,31
238,716280833,119
239,758579270,119
240,770267968,92
241,762136563,36
242,759670520,92
243,3705498280,117
244,770716614,105
245,765167395,102
246,664910781,92
247,1456651823,102
248,1312801614,116
249,1319335729,7
250,754441875,66
251,699918541,105
252,654512604,111
253,702102656,92
254,1331159583,7
255,869867917,43
0,967140364,0
1,1060602969,0
2,1048504323,1
3,1028903958,1
4,867051302,2
5,854498385,2
6,1355777551,3
7,1349621822,3
8,1362915832,4
9,1448054322,4
10,838491249,5
11,7505876456,5
12,727009427,6
13,702726302,62
14,673454688,7
15,701666875,7
16,665692708,8
17,671540625,8
18,1247332083,9
19,1310403801,9
20,1322037968,10
21,1211893229,10
22,1240366458,11
23,1236243645,11
24,778027760,12
25,682333542,12
26,696901614,13
27,682391927,13
28,768559166,14
29,764875729,14
30,712284896,15
31,695223021,15
32,1361157135,16
33,1484942916,16
34,1469067864,17
35,1359759167,17
36,1376865155,18
37,1370847239,18
38,1493108854,19
39,1432721406,19
40,862458281,20
41,842743749,20
42,1375507031,21
43,1376549479,21
44,748339688,22
45,1446905676,22
46,1416347708,23
47,1214719010,23
48,659199062,24
49,649840469,24
50,1315104583,25
51,1303422551,25
52,1250738854,26
53,1249265885,26
54,752401094,27
55,787626458,27
56,785531874,28
57,755328854,28
58,860634374,62
59,876809635,29
60,870408645,29
61,775786927,30
62,740310521,31
63,760554375,31
64,1463087239,32
65,1475999687,32
66,1378359323,33
67,1458725208,33
68,1456707083,34
69,818999219,34
70,1399928854,35
71,1380699583,35
72,722131145,36
73,721145208,36
74,722848490,37
75,729121927,37
76,1464271562,38
77,1378178749,38
78,1468447812,44
79,1469307083,39
80,1376815208,40
81,1382226719,40
82,1411455312,39
83,1308750364,41
84,1221427604,42
85,1237849999,42
86,677078176,43
87,671739270,43
88,1232808906,44
89,1237077708,44
90,1241244583,45
91,1241902813,45
92,749078385,46
93,834129947,46
94,1449461458,47
95,1374484270,47
96,758409844,48
97,742608073,48
98,1352818541,49
99,1484346979,49
100,1461576457,50
101,1393558749,50
102,1379179166,51
103,1450649219,51
104,862040729,60
105,796417916,12
106,872539792,53
107,855374375,53
108,865291979,54
109,784135468,53
110,760780573,55
111,868886562,55
112,1064806875,56
113,1059912760,56
114,1465352708,57
115,1439584583,57
116,1464809895,58
117,1377742864,58
118,862708906,59
119,874842812,59
120,755998073,60
121,758049739,60
122,945653124,61
123,1047545937,61
124,874676406,62
125,867885416,62
126,762805885,63
127,777343593,63
128,766353854,64
129,750021510,64
130,9847308069,65
131,1578264531,65
132,737655677,66
133,751003177,66
134,787380729,68
135,681782447,68
136,790250677,68
137,765783021,68
138,707014479,69
139,710179375,69
140,706903958,70
141,704450624,70
142,667797500,71
143,673627395,71
144,666428125,72
145,669703749,72
146,1396155520,73
147,1473576145,73
148,1495988124,74
149,1379475260,74
150,1398570572,75
151,1353898281,75
152,727038437,76
153,1429596926,82
154,736229062,77
155,9291601507,77
156,1231988021,78
157,1232509739,78
158,681383125,79
159,755656562,79
160,749414635,80
161,764764375,80
162,764811094,81
163,648223594,81
164,647860937,82
165,646761406,82
166,647067188,83
167,2029481770,83
168,640627760,84
169,640142968,84
170,643393177,85
171,639631093,85
172,646772448,86
173,723034531,86
174,721126874,87
175,723377135,87
176,721738489,88
177,730102083,88
178,730222239,89
179,734146354,89
180,723958749,90
181,722040676,90
182,733508542,91
183,723566458,91
184,718961353,92
185,718962865,92
186,1382518281,93
187,1501078177,93
188,1278055156,94
189,1491440103,94
190,1305607656,95
191,1339332135,95
192,1245216823,96
193,1404590833,96
194,1490652656,97
195,819399478,97
196,1712552708,98
197,729981511,98
198,1494557760,105
199,1719960572,99
200,1236866667,100
201,1144949531,100
202,719941406,101
203,725045677,101
204,806116562,102
205,839939791,102
206,1724899061,103
207,1613498333,103
208,1724530104,104
209,1649334010,104
210,1617236510,105
211,720450833,105
212,720952083,106
213,1141647760,101
214,743298281,107
215,754448438,107
216,747782604,108
217,1240579531,108
218,845659896,109
219,851420313,109
220,1637151354,110
221,1610698801,110
222,731822500,111
223,727925885,111
224,1348012447,112
225,1356143229,112
226,1358255520,113
227,1360986562,113
228,1452966614,114
229,1473390728,114
230,1375188906,115
231,1357991301,115
232,1465820364,116
233,1377247551,116
234,1367814115,117
235,1913172656,36
236,976565156,118
237,2953841822,31
238,708515676,119
239,733695103,119
240,753091093,92
241,745056458,36
242,717432552,92
243,3443362134,117
244,652318437,105
245,646963073,102
246,639684531,92
247,1584237135,102
248,1480104791,116
249,1369802708,7
250,756923958,66
251,754108802,105
252,756016770,111
253,843026406,92
254,1465673437,7
255,846874792,43
0,972555104,0
1,1044496614,0
2,1065941822,1
3,940644739,1
4,780280781,2
5,762479687,2
6,1372549374,3
7,1464197134,3
8,1461431510,4
9,1468905677,4
10,832104115,5
11,7787729268,5
12,779059739,6
13,768975469,62
14,753295104,7
15,761342239,7
16,665888958,8
17,675141458,8
18,1224164219,9
19,1231634530,9
20,1398736250,10
21,1376862916,10
22,1359263958,11
23,1448228645,11
24,874865312,12
25,879147187,12
26,755965938,13
27,758968490,13
28,759832448,14
29,854604843,14
30,877452760,15
31,858393125,15
32,1350607344,16
33,1357181354,16
34,1377022447,17
35,1456371562,17
36,1478531927,18
37,1361235468,18
38,1367673958,19
39,1373005936,19
40,730578437,20
41,721271979,20
42,1356502655,21
43,1358622291,21
44,721328176,22
45,1376548698,22
46,1380603905,23
47,1388315937,23
48,758475312,24
49,729734322,24
50,1474370364,25
51,1460141198,25
52,1485234479,26
53,1378151198,26
54,765864271,27
55,762299896,27
56,759748125,28
57,781340312,28
58,865212448,62
59,861425729,29
60,862465937,29
61,841458437,30
62,845832916,31
63,758726718,31
64,1486786562,32
65,1370342499,32
66,1373643177,33
67,1364525312,33
68,1453644323,34
69,841493229,34
70,1461777135,35
71,1360444426,35
72,732600208,36
73,729300312,36
74,738450104,37
75,732053594,37
76,1354695208,38
77,1380063125,38
78,1470234948,44
79,1474413541,39
80,1350007916,40
81,1364666250,40
82,1407822552,39
83,1473283280,41
84,1461006926,42
85,1481499791,42
86,837139427,43
87,827155104,43
88,1351541562,44
89,1358997552,44
90,1461939479,45
91,1475564635,45
92,756008854,46
93,727319531,46
94,1457752656,47
95,1479085833,47
96,849768489,48
97,851389791,48
98,1468451197,49
99,1434004114,49
100,1377822604,50
101,1467418645,50
102,1453718177,51
103,1380193905,51
104,782470937,60
105,870272603,12
106,806934635,53
107,757211406,53
108,883292916,54
109,781347604,53
110,782776926,55
111,797707812,55
112,1067045989,56
113,1040150364,56
114,1361805365,57
115,1372323489,57
116,1483744115,58
117,1456700833,58
118,868114844,59
119,786452136,59
120,861024219,60
121,858810521,60
122,1049850989,61
123,1046921198,61
124,759740833,62
125,865859635,62
126,863833489,63
127,864815781,63
128,756964375,64
129,751912083,64
130,10094525153,65
131,1771017499,65
132,854525833,66
133,776605729,66
134,761616718,68
135,704883229,68
136,683613072,68
137,682177031,68
138,684785937,69
139,829556770,69
140,867995572,70
141,878304270,70
142,849893645,71
143,836409270,71
144,852110260,72
145,841530208,72
146,1362658854,73
147,1369385208,73
148,1389912708,74
149,1469602291,74
150,1382160780,75
151,1352543750,75
152,726124166,76
153,1458951041,82
154,720928854,77
155,9382573954,77
156,1308409322,78
157,1215312448,78
158,646743489,79
159,653704219,79
160,647977240,80
161,646976354,80
162,649969999,81
163,654725469,81
164,647166354,82
165,648701927,82
166,702627083,83
167,2270018802,83
168,714966250,84
169,720322083,84
170,724178542,85
171,715741093,85
172,722388229,86
173,714647917,86
174,728444583,87
175,722765520,87
176,721788073,88
177,729477447,88
178,735071875,89
179,746600156,89
180,765994063,90
181,751635260,90
182,757562187,91
183,753224375,91
184,719038281,92
185,729180104,92
186,1392937552,93
187,1449846145,93
188,1265201926,94
189,1427638697,94
190,1331946353,95
191,1342352812,95
192,1170869114,96
193,1415090781,96
194,1479197031,97
195,839829166,97
196,1669971562,98
197,720402083,98
198,1402248280,105
199,1727576093,99
200,1235099479,100
201,1141740989,100
202,727617135,101
203,742856406,101
204,721453697,102
205,722198853,102
206,1642306093,103
207,1645107968,103
208,1735423072,104
209,1614271353,104
210,1714532968,105
211,802327395,105
212,733701719,106
213,1143990364,101
214,747696562,107
215,752425677,107
216,761043125,108
217,1250622500,108
218,828087239,109
219,843776979,109
220,1632372968,110
221,1715165937,110
222,827456510,111
223,829108385,111
224,1377233541,112
225,1382324322,112
226,1454234010,113
227,1476964009,113
228,1349385833,114
229,1416334114,114
230,1352091874,115
231,1362908177,115
232,1463280260,116
233,1391257343,116
234,1252251875,117
235,1816922343,36
236,880378489,118
237,3009542708,31
238,795082656,119
239,745576823,119
240,800379375,92
241,849058333,36
242,807580833,92
243,3940710572,117
244,851839479,105
245,820701615,102
246,761756875,92
247,1626805363,102
248,1349936093,116
249,1460307760,7
250,841374583,66
251,831029114,105
252,767308541,111
253,752448906,92
254,1373580468,7
255,962899478,43
