trial,ready_nonclaim,artifact_sha256,host_observed_readiness_ms
1,true,2e0c54a1b5bb7c0018d0159a642e49e4f4bd79fcc1f940e215a40734a2695bb8,9755
2,true,2e0c54a1b5bb7c0018d0159a642e49e4f4bd79fcc1f940e215a40734a2695bb8,9498
3,true,2e0c54a1b5bb7c0018d0159a642e49e4f4bd79fcc1f940e215a40734a2695bb8,9502
4,true,2e0c54a1b5bb7c0018d0159a642e49e4f4bd79fcc1f940e215a40734a2695bb8,9633
5,true,2e0c54a1b5bb7c0018d0159a642e49e4f4bd79fcc1f940e215a40734a2695bb8,9432
6,true,2e0c54a1b5bb7c0018d0159a642e49e4f4bd79fcc1f940e215a40734a2695bb8,9503
7,true,2e0c54a1b5bb7c0018d0159a642e49e4f4bd79fcc1f940e215a40734a2695bb8,9647
8,true,2e0c54a1b5bb7c0018d0159a642e49e4f4bd79fcc1f940e215a40734a2695bb8,9436
9,true,2e0c54a1b5bb7c0018d0159a642e49e4f4bd79fcc1f940e215a40734a2695bb8,9448
10,true,2e0c54a1b5bb7c0018d0159a642e49e4f4bd79fcc1f940e215a40734a2695bb8,9620
